user_id,created_at,country,acquisition_channel,plan_type,is_active,email_domain
user_0001,2026-03-20 03:09:26.275392,Mexico,referral,free,True,gmail.com
user_0002,2026-03-21 12:54:24.275392,Mexico,organic,pro,True,yahoo.com
user_0003,2025-09-06 05:14:13.275392,Argentina,organic,free,True,company.com
user_0004,2026-02-26 23:21:17.275392,Argentina,organic,basic,True,company.com
user_0005,2025-04-04 21:17:48.275392,Chile,referral,free,True,yahoo.com
user_0006,2025-06-24 02:31:38.275392,Colombia,organic,free,True,yahoo.com
user_0007,2025-06-27 15:04:58.275392,Spain,paid,free,True,company.com
user_0008,2026-02-18 14:07:44.275392,Mexico,organic,free,True,yahoo.com
user_0009,2026-03-18 02:29:47.275392,Mexico,referral,basic,True,outlook.com
user_0010,2025-12-28 23:53:02.275392,Spain,paid,basic,True,outlook.com
user_0011,2025-09-02 00:04:48.275392,Spain,paid,basic,True,company.com
user_0012,2026-03-04 08:34:10.275392,Argentina,paid,pro,True,yahoo.com
user_0013,2025-04-20 13:48:10.275392,Spain,referral,basic,True,company.com
user_0014,2025-10-19 19:49:42.275392,Spain,organic,basic,True,outlook.com
user_0015,2025-06-19 17:51:31.275392,Spain,organic,free,True,outlook.com
user_0016,2026-03-09 08:53:25.275392,Mexico,organic,basic,True,gmail.com
user_0017,2026-01-23 01:41:08.275392,Chile,organic,free,True,company.com
user_0018,2025-09-17 22:59:47.275392,Spain,organic,basic,False,gmail.com
user_0019,2025-07-17 15:54:03.275392,Spain,organic,basic,True,yahoo.com
user_0020,2025-09-20 22:03:22.275392,Colombia,paid,free,False,gmail.com
user_0021,2025-07-27 12:31:09.275392,Chile,organic,free,True,outlook.com
user_0022,2025-05-09 05:53:14.275392,Colombia,paid,free,True,yahoo.com
user_0023,2025-07-31 03:58:01.275392,Spain,organic,free,False,yahoo.com
user_0024,2026-03-01 20:15:23.275392,Spain,organic,free,True,yahoo.com
user_0025,2025-06-19 07:40:08.275392,Colombia,organic,free,True,gmail.com
user_0026,2025-07-24 15:34:15.275392,Spain,organic,free,True,gmail.com
user_0027,2025-10-16 03:40:11.275392,Spain,paid,free,True,outlook.com
user_0028,2025-05-14 08:28:43.275392,Spain,organic,free,True,company.com
user_0029,2025-06-04 19:17:53.275392,Mexico,referral,free,True,yahoo.com
user_0030,2026-02-14 04:36:20.275392,Colombia,paid,free,True,company.com
user_0031,2025-04-14 23:39:46.275392,Spain,referral,basic,True,yahoo.com
user_0032,2026-01-17 18:45:36.275392,Mexico,referral,basic,True,company.com
user_0033,2025-05-14 17:15:00.275392,Argentina,organic,free,True,yahoo.com
user_0034,2025-07-26 13:44:10.275392,Chile,referral,free,True,company.com
user_0035,2025-10-04 03:27:02.275392,Mexico,referral,free,True,gmail.com
user_0036,2025-10-29 10:43:53.275392,Colombia,referral,free,True,gmail.com
user_0037,2025-07-02 00:35:25.275392,Spain,paid,free,True,gmail.com
user_0038,2026-01-20 04:08:03.275392,Spain,referral,free,True,company.com
user_0039,2026-02-04 19:11:35.275392,Argentina,organic,free,True,yahoo.com
user_0040,2025-09-26 13:59:03.275392,Mexico,paid,free,True,gmail.com
user_0041,2026-02-28 19:48:37.275392,Mexico,organic,free,True,company.com
user_0042,2025-05-15 16:07:09.275392,Spain,organic,basic,True,gmail.com
user_0043,2025-07-15 11:24:47.275392,Chile,paid,basic,True,company.com
user_0044,2025-04-23 09:24:26.275392,Mexico,organic,pro,True,outlook.com
user_0045,2025-11-24 21:13:42.275392,Spain,organic,free,True,yahoo.com
user_0046,2025-12-26 14:04:45.275392,Spain,organic,free,False,outlook.com
user_0047,2025-12-17 01:55:30.275392,Argentina,organic,free,False,outlook.com
user_0048,2026-01-12 13:53:42.275392,Spain,organic,free,True,company.com
user_0049,2025-04-11 12:49:31.275392,Colombia,organic,pro,True,gmail.com
user_0050,2025-09-02 19:55:46.275392,Colombia,organic,pro,False,yahoo.com
user_0051,2025-06-04 19:56:26.275392,Mexico,paid,free,False,yahoo.com
user_0052,2025-04-21 23:02:05.275392,Spain,organic,free,True,yahoo.com
user_0053,2025-07-25 13:12:42.275392,Mexico,organic,free,True,gmail.com
user_0054,2025-07-24 10:10:32.275392,Spain,organic,basic,True,outlook.com
user_0055,2025-06-15 14:46:02.275392,Colombia,organic,basic,True,gmail.com
user_0056,2026-01-15 19:34:26.275392,Spain,paid,free,False,company.com
user_0057,2025-07-30 14:28:00.275392,Mexico,paid,basic,True,outlook.com
user_0058,2025-05-06 15:13:12.275392,Spain,organic,basic,False,company.com
user_0059,2025-04-18 16:34:08.275392,Mexico,paid,free,False,outlook.com
user_0060,2025-05-28 22:43:51.275392,Colombia,organic,free,True,company.com
user_0061,2026-03-25 06:10:25.275392,Argentina,organic,free,True,gmail.com
user_0062,2025-06-26 04:24:41.275392,Spain,organic,free,False,gmail.com
user_0063,2025-10-19 19:06:10.275392,Mexico,organic,free,True,outlook.com
user_0064,2025-06-07 09:14:49.275392,Chile,organic,basic,True,outlook.com
user_0065,2025-07-17 21:31:12.275392,Spain,referral,basic,True,gmail.com
user_0066,2026-01-23 00:07:11.275392,Colombia,referral,free,False,outlook.com
user_0067,2025-06-22 16:39:24.275392,Argentina,organic,free,True,outlook.com
user_0068,2025-05-14 08:06:46.275392,Argentina,organic,free,True,gmail.com
user_0069,2026-03-07 22:46:06.275392,Chile,organic,free,False,outlook.com
user_0070,2026-01-03 19:05:46.275392,Spain,paid,free,True,outlook.com
user_0071,2025-07-14 11:13:15.275392,Argentina,organic,free,True,gmail.com
user_0072,2025-11-05 17:24:18.275392,Spain,organic,free,False,outlook.com
user_0073,2025-05-15 06:25:02.275392,Colombia,organic,free,True,gmail.com
user_0074,2026-01-21 17:01:30.275392,Chile,referral,basic,True,gmail.com
user_0075,2025-12-28 09:26:16.275392,Mexico,organic,free,True,yahoo.com
user_0076,2025-11-19 06:46:21.275392,Spain,organic,free,False,outlook.com
user_0077,2025-08-23 08:25:23.275392,Spain,referral,free,True,yahoo.com
user_0078,2025-12-09 13:42:13.275392,Spain,organic,free,True,company.com
user_0079,2026-03-23 06:01:28.275392,Spain,organic,basic,True,outlook.com
user_0080,2025-03-31 22:07:44.275392,Colombia,organic,free,True,outlook.com
user_0081,2025-04-17 17:23:49.275392,Spain,organic,free,False,outlook.com
user_0082,2025-07-17 18:58:38.275392,Mexico,organic,free,True,gmail.com
user_0083,2025-09-14 19:05:57.275392,Chile,organic,free,True,company.com
user_0084,2025-03-29 04:14:54.275392,Mexico,referral,basic,True,outlook.com
user_0085,2025-11-16 15:17:52.275392,Mexico,organic,free,False,company.com
user_0086,2025-06-28 08:22:20.275392,Mexico,referral,free,False,outlook.com
user_0087,2025-11-11 05:55:23.275392,Mexico,organic,pro,True,company.com
user_0088,2025-11-12 21:52:33.275392,Argentina,paid,free,False,gmail.com
user_0089,2026-02-17 09:43:37.275392,Mexico,organic,basic,True,outlook.com
user_0090,2025-10-25 12:00:17.275392,Mexico,organic,free,True,company.com
user_0091,2026-02-02 18:12:06.275392,Argentina,organic,free,True,outlook.com
user_0092,2025-05-31 13:12:58.275392,Mexico,referral,basic,True,company.com
user_0093,2025-08-20 20:30:43.275392,Mexico,paid,free,True,yahoo.com
user_0094,2025-07-11 04:43:47.275392,Argentina,organic,free,True,company.com
user_0095,2025-08-29 17:59:50.275392,Colombia,organic,free,True,outlook.com
user_0096,2025-06-04 19:36:15.275392,Argentina,organic,free,True,outlook.com
user_0097,2025-11-06 11:01:05.275392,Argentina,organic,basic,True,gmail.com
user_0098,2025-09-24 15:55:06.275392,Spain,paid,free,False,company.com
user_0099,2025-10-12 06:47:27.275392,Spain,paid,free,True,yahoo.com
user_0100,2026-01-31 17:46:15.275392,Mexico,organic,free,True,yahoo.com
user_0101,2025-08-07 19:02:14.275392,Chile,organic,free,True,outlook.com
user_0102,2025-07-13 03:04:32.275392,Spain,organic,free,True,yahoo.com
user_0103,2025-06-20 19:50:47.275392,Mexico,organic,free,True,yahoo.com
user_0104,2025-04-28 21:02:24.275392,Mexico,organic,basic,False,outlook.com
user_0105,2025-09-20 09:34:09.275392,Argentina,organic,basic,True,outlook.com
user_0106,2025-06-23 23:38:14.275392,Spain,organic,free,True,yahoo.com
user_0107,2025-09-30 08:33:07.275392,Mexico,organic,basic,True,yahoo.com
user_0108,2025-08-08 00:59:15.275392,Argentina,paid,free,False,gmail.com
user_0109,2025-06-20 21:27:30.275392,Mexico,organic,basic,True,company.com
user_0110,2025-06-05 18:45:28.275392,Mexico,referral,free,False,company.com
user_0111,2025-10-06 20:51:48.275392,Spain,paid,basic,True,gmail.com
user_0112,2026-01-21 04:20:54.275392,Argentina,organic,free,True,gmail.com
user_0113,2026-02-27 15:00:09.275392,Spain,organic,free,False,company.com
user_0114,2026-03-21 09:46:56.275392,Mexico,paid,free,False,outlook.com
user_0115,2025-07-23 05:33:28.275392,Mexico,organic,free,True,outlook.com
user_0116,2025-06-01 07:12:19.275392,Spain,organic,free,True,company.com
user_0117,2026-03-19 16:48:21.275392,Spain,organic,free,False,outlook.com
user_0118,2025-05-11 04:38:13.275392,Argentina,organic,free,True,yahoo.com
user_0119,2026-02-20 19:36:16.275392,Spain,organic,free,True,company.com
user_0120,2026-03-02 08:27:25.275392,Spain,paid,basic,True,company.com
user_0121,2025-12-27 14:19:47.275392,Argentina,paid,free,True,outlook.com
user_0122,2025-05-15 14:38:09.275392,Mexico,organic,free,True,outlook.com
user_0123,2025-07-16 13:21:38.275392,Mexico,organic,basic,True,company.com
user_0124,2025-06-11 13:50:29.275392,Spain,organic,basic,True,yahoo.com
user_0125,2025-04-17 10:31:29.275392,Spain,referral,free,False,company.com
user_0126,2025-08-23 20:15:52.275392,Spain,referral,free,True,gmail.com
user_0127,2025-07-02 01:00:20.275392,Mexico,organic,basic,True,gmail.com
user_0128,2025-10-09 19:43:57.275392,Spain,referral,free,True,yahoo.com
user_0129,2025-12-25 08:31:48.275392,Spain,paid,free,True,outlook.com
user_0130,2025-07-26 22:14:55.275392,Spain,organic,free,True,outlook.com
user_0131,2025-08-10 01:30:27.275392,Mexico,organic,free,True,gmail.com
user_0132,2025-09-24 09:34:11.275392,Spain,paid,free,True,yahoo.com
user_0133,2025-04-12 12:03:32.275392,Spain,organic,free,False,outlook.com
user_0134,2025-06-12 10:15:05.275392,Mexico,organic,basic,True,gmail.com
user_0135,2025-07-10 01:04:27.275392,Chile,paid,free,False,gmail.com
user_0136,2025-08-01 19:10:08.275392,Spain,organic,free,True,company.com
user_0137,2025-03-29 03:16:04.275392,Mexico,organic,free,True,gmail.com
user_0138,2026-03-10 04:55:28.275392,Mexico,organic,free,True,gmail.com
user_0139,2025-06-10 12:08:12.275392,Spain,organic,free,True,gmail.com
user_0140,2026-01-27 20:16:46.275392,Argentina,organic,free,True,outlook.com
user_0141,2026-02-20 17:21:59.275392,Mexico,organic,free,False,company.com
user_0142,2025-04-25 00:53:50.275392,Argentina,referral,free,True,company.com
user_0143,2025-04-20 22:38:50.275392,Spain,organic,free,True,gmail.com
user_0144,2026-03-05 05:03:23.275392,Spain,organic,basic,True,gmail.com
user_0145,2025-09-30 10:59:17.275392,Argentina,referral,basic,True,company.com
user_0146,2025-09-22 22:53:22.275392,Mexico,paid,free,False,outlook.com
user_0147,2025-11-26 03:06:56.275392,Spain,organic,free,True,company.com
user_0148,2025-08-14 15:40:05.275392,Colombia,organic,free,True,gmail.com
user_0149,2025-07-17 07:07:59.275392,Chile,paid,basic,False,gmail.com
user_0150,2025-08-07 08:08:47.275392,Chile,referral,free,True,yahoo.com
user_0151,2025-08-12 05:11:34.275392,Colombia,paid,free,True,yahoo.com
user_0152,2026-02-10 13:30:09.275392,Chile,organic,pro,True,yahoo.com
user_0153,2025-07-19 06:58:07.275392,Argentina,organic,free,True,company.com
user_0154,2025-09-21 21:10:34.275392,Spain,paid,basic,False,gmail.com
user_0155,2025-12-10 13:52:22.275392,Spain,organic,free,True,company.com
user_0156,2025-11-26 04:44:40.275392,Spain,organic,free,False,outlook.com
user_0157,2025-09-27 01:13:30.275392,Mexico,organic,free,True,outlook.com
user_0158,2025-07-24 21:06:19.275392,Argentina,referral,free,True,yahoo.com
user_0159,2025-04-25 12:28:34.275392,Colombia,referral,free,True,outlook.com
user_0160,2025-08-12 22:58:32.275392,Argentina,organic,free,True,company.com
user_0161,2025-08-01 14:40:32.275392,Mexico,organic,basic,True,outlook.com
user_0162,2025-12-17 17:46:23.275392,Spain,paid,free,True,outlook.com
user_0163,2026-02-11 04:43:34.275392,Mexico,referral,free,True,company.com
user_0164,2025-07-01 21:40:16.275392,Colombia,organic,free,False,outlook.com
user_0165,2026-02-18 20:00:24.275392,Spain,organic,free,True,yahoo.com
user_0166,2026-02-19 08:37:39.275392,Spain,organic,basic,True,outlook.com
user_0167,2025-11-04 23:13:03.275392,Chile,organic,basic,False,yahoo.com
user_0168,2025-04-23 07:52:42.275392,Argentina,paid,free,False,outlook.com
user_0169,2025-10-28 00:59:19.275392,Spain,paid,basic,False,yahoo.com
user_0170,2026-01-30 08:10:28.275392,Spain,organic,pro,True,gmail.com
user_0171,2026-03-17 15:32:19.275392,Spain,paid,free,False,company.com
user_0172,2026-03-07 06:59:47.275392,Spain,organic,basic,True,gmail.com
user_0173,2026-02-03 02:12:53.275392,Argentina,organic,free,False,yahoo.com
user_0174,2025-04-03 23:44:28.275392,Spain,organic,free,True,gmail.com
user_0175,2025-06-05 15:50:47.275392,Mexico,organic,basic,True,yahoo.com
user_0176,2025-11-06 02:20:38.275392,Spain,organic,free,True,outlook.com
user_0177,2026-01-07 02:57:58.275392,Colombia,organic,free,True,company.com
user_0178,2025-05-14 06:32:53.275392,Spain,organic,basic,True,gmail.com
user_0179,2025-06-19 10:35:32.275392,Mexico,referral,basic,False,gmail.com
user_0180,2025-08-22 06:38:08.275392,Mexico,referral,free,True,outlook.com
user_0181,2025-07-10 12:26:21.275392,Mexico,organic,free,True,outlook.com
user_0182,2025-07-11 16:41:40.275392,Spain,organic,basic,True,outlook.com
user_0183,2025-07-05 03:27:36.275392,Argentina,organic,free,True,outlook.com
user_0184,2025-11-21 08:49:41.275392,Argentina,paid,free,True,outlook.com
user_0185,2026-01-15 22:54:10.275392,Colombia,paid,basic,True,yahoo.com
user_0186,2025-09-23 10:36:59.275392,Mexico,referral,basic,False,company.com
user_0187,2025-05-13 10:16:15.275392,Mexico,organic,free,True,company.com
user_0188,2025-06-04 07:26:20.275392,Mexico,organic,free,False,gmail.com
user_0189,2026-01-28 04:13:31.275392,Chile,organic,basic,False,gmail.com
user_0190,2026-03-08 11:06:37.275392,Chile,organic,free,True,yahoo.com
user_0191,2025-09-24 08:44:34.275392,Mexico,organic,free,True,company.com
user_0192,2025-08-24 04:19:05.275392,Mexico,organic,free,True,outlook.com
user_0193,2026-03-11 22:58:22.275392,Colombia,organic,free,True,gmail.com
user_0194,2025-04-04 10:06:47.275392,Spain,paid,free,False,gmail.com
user_0195,2026-03-24 15:50:33.275392,Spain,organic,free,True,outlook.com
user_0196,2025-12-09 03:08:30.275392,Mexico,referral,basic,True,gmail.com
user_0197,2025-03-26 05:45:01.275392,Argentina,referral,free,True,yahoo.com
user_0198,2025-05-08 23:44:11.275392,Spain,organic,pro,True,yahoo.com
user_0199,2026-01-16 08:44:38.275392,Chile,referral,free,False,outlook.com
user_0200,2025-07-29 11:34:09.275392,Spain,organic,pro,True,yahoo.com
user_0201,2025-08-05 10:56:39.275392,Spain,referral,pro,True,outlook.com
user_0202,2025-06-25 03:08:56.275392,Colombia,organic,free,True,outlook.com
user_0203,2025-12-05 15:03:14.275392,Spain,organic,free,True,yahoo.com
user_0204,2026-01-14 22:26:42.275392,Mexico,organic,free,True,outlook.com
user_0205,2026-03-12 20:08:52.275392,Mexico,organic,free,True,gmail.com
user_0206,2026-01-10 05:08:17.275392,Spain,referral,free,True,outlook.com
user_0207,2026-02-20 22:42:19.275392,Spain,organic,free,True,gmail.com
user_0208,2025-06-27 02:42:09.275392,Mexico,paid,free,True,yahoo.com
user_0209,2025-07-31 01:35:27.275392,Argentina,organic,basic,True,yahoo.com
user_0210,2025-08-17 04:05:31.275392,Spain,organic,free,True,company.com
user_0211,2025-07-21 04:00:09.275392,Spain,organic,free,True,company.com
user_0212,2025-12-24 01:12:49.275392,Chile,organic,basic,True,outlook.com
user_0213,2025-10-29 00:09:21.275392,Spain,organic,free,True,outlook.com
user_0214,2025-05-09 21:19:58.275392,Spain,organic,basic,True,company.com
user_0215,2025-07-08 06:03:15.275392,Chile,referral,basic,True,company.com
user_0216,2025-06-02 12:09:40.275392,Colombia,referral,free,True,outlook.com
user_0217,2026-03-05 09:30:56.275392,Spain,referral,free,True,company.com
user_0218,2025-03-27 08:04:40.275392,Mexico,organic,pro,True,gmail.com
user_0219,2025-08-19 02:10:32.275392,Mexico,paid,free,False,outlook.com
user_0220,2026-02-21 22:45:50.275392,Mexico,organic,free,True,gmail.com
user_0221,2025-06-28 18:33:18.275392,Spain,organic,free,True,company.com
user_0222,2025-09-29 18:52:06.275392,Mexico,referral,free,True,gmail.com
user_0223,2025-05-16 22:34:55.275392,Mexico,organic,free,True,company.com
user_0224,2025-05-22 11:57:53.275392,Chile,organic,free,True,outlook.com
user_0225,2026-03-02 00:32:51.275392,Argentina,organic,free,True,gmail.com
user_0226,2025-05-17 01:38:58.275392,Colombia,organic,free,False,gmail.com
user_0227,2025-06-06 02:30:08.275392,Argentina,organic,free,True,company.com
user_0228,2025-11-06 23:47:32.275392,Spain,referral,free,True,yahoo.com
user_0229,2026-03-14 05:57:56.275392,Spain,organic,free,True,company.com
user_0230,2025-06-19 02:38:19.275392,Colombia,organic,free,True,gmail.com
user_0231,2026-03-03 03:07:35.275392,Mexico,organic,free,True,company.com
user_0232,2025-09-26 14:18:24.275392,Spain,organic,free,True,outlook.com
user_0233,2025-10-05 15:53:53.275392,Spain,referral,free,True,company.com
user_0234,2025-06-05 09:35:04.275392,Argentina,organic,free,True,outlook.com
user_0235,2025-04-30 08:29:09.275392,Spain,organic,free,True,outlook.com
user_0236,2025-09-06 01:38:46.275392,Spain,referral,free,True,outlook.com
user_0237,2025-07-14 14:16:28.275392,Colombia,organic,free,False,company.com
user_0238,2026-03-20 16:45:07.275392,Chile,paid,free,True,outlook.com
user_0239,2025-08-15 15:40:02.275392,Mexico,paid,free,True,outlook.com
user_0240,2026-03-06 17:00:16.275392,Spain,referral,free,True,yahoo.com
user_0241,2026-03-03 10:01:50.275392,Mexico,organic,pro,False,gmail.com
user_0242,2025-07-20 15:39:54.275392,Spain,organic,free,False,gmail.com
user_0243,2026-02-03 19:36:17.275392,Mexico,paid,free,True,outlook.com
user_0244,2025-09-28 06:52:51.275392,Argentina,paid,free,True,company.com
user_0245,2025-11-07 12:37:49.275392,Mexico,organic,free,False,outlook.com
user_0246,2026-01-16 22:35:00.275392,Chile,paid,free,True,gmail.com
user_0247,2026-03-16 03:14:04.275392,Chile,referral,free,True,outlook.com
user_0248,2025-04-05 08:41:11.275392,Colombia,organic,basic,True,gmail.com
user_0249,2025-04-24 21:21:47.275392,Argentina,paid,basic,True,outlook.com
user_0250,2025-05-28 08:04:01.275392,Mexico,organic,free,True,yahoo.com
user_0251,2026-02-08 04:18:38.275392,Mexico,organic,free,True,gmail.com
user_0252,2025-04-16 12:31:12.275392,Mexico,paid,free,True,yahoo.com
user_0253,2026-01-09 18:06:21.275392,Colombia,referral,free,False,yahoo.com
user_0254,2025-09-22 18:23:02.275392,Mexico,referral,free,False,company.com
user_0255,2025-05-06 23:39:52.275392,Spain,referral,free,False,outlook.com
user_0256,2025-04-25 08:18:48.275392,Chile,paid,free,True,gmail.com
user_0257,2025-05-21 08:55:20.275392,Argentina,referral,basic,False,gmail.com
user_0258,2025-08-16 16:17:55.275392,Spain,paid,free,True,yahoo.com
user_0259,2025-07-02 02:47:02.275392,Colombia,organic,free,True,gmail.com
user_0260,2025-05-26 19:37:43.275392,Spain,referral,free,True,yahoo.com
user_0261,2025-10-28 21:22:56.275392,Spain,organic,free,True,yahoo.com
user_0262,2025-12-29 05:32:28.275392,Mexico,organic,free,True,outlook.com
user_0263,2025-03-25 18:44:47.275392,Colombia,organic,free,True,gmail.com
user_0264,2025-08-08 11:36:52.275392,Argentina,referral,free,True,outlook.com
user_0265,2025-09-21 02:57:04.275392,Spain,organic,free,False,outlook.com
user_0266,2026-02-22 15:13:53.275392,Spain,referral,free,True,company.com
user_0267,2026-01-02 12:22:34.275392,Mexico,organic,free,True,outlook.com
user_0268,2026-01-23 14:34:16.275392,Mexico,organic,basic,False,gmail.com
user_0269,2025-09-12 13:59:18.275392,Argentina,referral,free,True,outlook.com
user_0270,2025-12-03 23:01:22.275392,Spain,organic,basic,False,gmail.com
user_0271,2025-05-25 13:58:12.275392,Mexico,organic,free,True,gmail.com
user_0272,2025-06-06 20:22:43.275392,Mexico,organic,free,False,gmail.com
user_0273,2026-01-22 01:49:53.275392,Spain,organic,basic,True,outlook.com
user_0274,2025-05-15 07:47:13.275392,Chile,organic,free,True,gmail.com
user_0275,2025-05-09 21:29:04.275392,Argentina,organic,pro,True,outlook.com
user_0276,2025-04-15 15:16:26.275392,Spain,organic,basic,True,gmail.com
user_0277,2025-08-10 13:30:16.275392,Argentina,organic,free,False,gmail.com
user_0278,2025-08-28 06:46:12.275392,Chile,referral,free,True,gmail.com
user_0279,2026-02-14 19:17:06.275392,Mexico,organic,free,True,company.com
user_0280,2025-06-22 10:51:15.275392,Mexico,referral,free,True,yahoo.com
user_0281,2026-01-10 16:42:31.275392,Mexico,paid,free,True,company.com
user_0282,2026-01-28 01:47:32.275392,Mexico,paid,free,True,company.com
user_0283,2026-02-27 11:31:52.275392,Chile,organic,pro,True,outlook.com
user_0284,2025-07-11 07:15:25.275392,Argentina,organic,free,True,outlook.com
user_0285,2025-11-19 04:58:42.275392,Argentina,organic,free,True,outlook.com
user_0286,2025-10-26 05:12:14.275392,Chile,organic,free,True,company.com
user_0287,2025-05-16 14:18:37.275392,Chile,organic,free,True,company.com
user_0288,2025-11-23 20:34:40.275392,Spain,referral,free,True,gmail.com
user_0289,2026-02-06 05:47:46.275392,Mexico,referral,free,True,gmail.com
user_0290,2025-07-31 02:05:42.275392,Colombia,organic,free,True,company.com
user_0291,2025-06-12 08:44:03.275392,Mexico,paid,free,True,outlook.com
user_0292,2026-03-15 09:18:35.275392,Spain,referral,basic,True,yahoo.com
user_0293,2025-06-09 22:43:41.275392,Spain,referral,free,True,yahoo.com
user_0294,2025-05-04 07:17:38.275392,Spain,organic,free,True,outlook.com
user_0295,2026-01-07 08:16:19.275392,Colombia,organic,free,False,yahoo.com
user_0296,2025-04-06 18:36:23.275392,Spain,organic,free,True,yahoo.com
user_0297,2025-05-16 07:08:12.275392,Spain,organic,free,True,company.com
user_0298,2025-11-27 00:25:13.275392,Mexico,organic,free,True,outlook.com
user_0299,2025-09-18 21:50:37.275392,Mexico,organic,free,False,company.com
user_0300,2025-08-16 02:22:08.275392,Colombia,organic,basic,False,gmail.com
user_0301,2025-10-05 01:56:08.275392,Argentina,referral,free,True,gmail.com
user_0302,2025-03-29 00:02:36.275392,Spain,paid,free,True,gmail.com
user_0303,2025-03-26 20:11:02.275392,Mexico,paid,free,True,yahoo.com
user_0304,2026-01-27 17:57:51.275392,Mexico,organic,free,True,yahoo.com
user_0305,2026-01-11 07:12:03.275392,Spain,paid,basic,True,gmail.com
user_0306,2026-01-03 10:43:08.275392,Chile,organic,free,True,yahoo.com
user_0307,2025-11-22 20:56:48.275392,Spain,organic,free,False,gmail.com
user_0308,2025-10-02 06:58:20.275392,Mexico,organic,free,True,gmail.com
user_0309,2025-10-23 22:23:32.275392,Colombia,paid,free,True,company.com
user_0310,2025-06-18 07:55:32.275392,Argentina,organic,free,True,outlook.com
user_0311,2025-11-01 09:47:32.275392,Mexico,paid,basic,True,yahoo.com
user_0312,2025-05-26 20:01:47.275392,Mexico,organic,free,False,yahoo.com
user_0313,2025-04-23 11:20:16.275392,Spain,organic,free,True,gmail.com
user_0314,2025-08-24 06:27:08.275392,Argentina,organic,free,True,yahoo.com
user_0315,2025-05-18 23:25:22.275392,Mexico,paid,pro,True,gmail.com
user_0316,2025-09-25 03:49:33.275392,Spain,referral,free,True,yahoo.com
user_0317,2026-02-18 20:26:39.275392,Mexico,organic,basic,True,company.com
user_0318,2026-02-11 04:20:53.275392,Argentina,organic,free,False,yahoo.com
user_0319,2025-06-09 21:24:01.275392,Argentina,referral,free,True,yahoo.com
user_0320,2025-04-13 13:11:43.275392,Spain,organic,free,True,company.com
user_0321,2025-07-30 10:33:25.275392,Argentina,organic,free,False,yahoo.com
user_0322,2026-01-28 20:02:03.275392,Mexico,organic,free,False,company.com
user_0323,2025-08-08 09:49:55.275392,Spain,organic,free,True,gmail.com
user_0324,2025-12-26 22:42:53.275392,Spain,paid,free,True,gmail.com
user_0325,2025-06-23 01:04:12.275392,Spain,organic,basic,True,gmail.com
user_0326,2025-09-21 07:44:43.275392,Spain,organic,free,True,yahoo.com
user_0327,2025-12-04 21:32:55.275392,Spain,organic,free,True,yahoo.com
user_0328,2026-01-26 06:56:22.275392,Mexico,organic,basic,True,yahoo.com
user_0329,2025-10-30 04:28:06.275392,Spain,organic,free,True,outlook.com
user_0330,2025-09-24 17:12:07.275392,Colombia,organic,pro,True,yahoo.com
user_0331,2025-03-29 14:27:09.275392,Spain,paid,basic,True,outlook.com
user_0332,2025-08-08 08:44:57.275392,Spain,organic,free,True,company.com
user_0333,2025-06-18 19:37:14.275392,Spain,paid,basic,True,outlook.com
user_0334,2025-04-10 15:05:09.275392,Spain,organic,free,True,company.com
user_0335,2025-12-11 18:37:24.275392,Mexico,organic,basic,True,outlook.com
user_0336,2026-01-25 17:09:48.275392,Mexico,organic,free,True,outlook.com
user_0337,2025-12-08 15:26:01.275392,Mexico,organic,free,True,outlook.com
user_0338,2025-06-29 16:55:21.275392,Spain,paid,free,False,gmail.com
user_0339,2025-06-27 21:03:19.275392,Mexico,paid,free,True,yahoo.com
user_0340,2025-11-25 14:17:35.275392,Spain,referral,basic,True,yahoo.com
user_0341,2025-12-09 13:19:38.275392,Spain,paid,basic,True,outlook.com
user_0342,2025-12-05 23:01:39.275392,Spain,organic,free,True,gmail.com
user_0343,2026-03-16 10:38:18.275392,Argentina,paid,free,True,yahoo.com
user_0344,2025-04-14 00:04:17.275392,Spain,organic,free,False,outlook.com
user_0345,2026-03-17 08:34:31.275392,Spain,organic,free,True,company.com
user_0346,2026-03-07 08:11:34.275392,Mexico,paid,free,True,outlook.com
user_0347,2025-06-15 23:40:20.275392,Chile,organic,basic,True,outlook.com
user_0348,2026-01-27 06:46:12.275392,Spain,paid,basic,True,company.com
user_0349,2025-05-03 04:30:55.275392,Argentina,organic,free,True,company.com
user_0350,2026-03-16 12:06:43.275392,Mexico,organic,free,False,yahoo.com
user_0351,2026-03-07 11:55:27.275392,Spain,referral,free,True,yahoo.com
user_0352,2025-10-27 10:55:53.275392,Mexico,paid,pro,True,yahoo.com
user_0353,2025-11-04 22:47:56.275392,Colombia,organic,free,True,company.com
user_0354,2026-02-11 10:24:18.275392,Chile,organic,basic,True,outlook.com
user_0355,2025-09-29 06:11:24.275392,Spain,referral,free,False,outlook.com
user_0356,2025-04-23 09:34:23.275392,Spain,paid,free,False,outlook.com
user_0357,2026-01-12 21:05:17.275392,Spain,paid,free,True,outlook.com
user_0358,2026-03-05 10:16:12.275392,Spain,organic,free,False,outlook.com
user_0359,2025-06-01 23:08:17.275392,Argentina,organic,basic,False,company.com
user_0360,2026-02-13 15:48:34.275392,Spain,organic,free,True,yahoo.com
user_0361,2025-04-30 04:59:53.275392,Mexico,organic,free,True,yahoo.com
user_0362,2026-02-16 13:07:09.275392,Spain,organic,free,True,company.com
user_0363,2025-05-31 00:42:25.275392,Mexico,organic,free,False,yahoo.com
user_0364,2025-03-26 16:57:00.275392,Mexico,paid,free,True,outlook.com
user_0365,2025-08-13 21:15:49.275392,Spain,organic,free,True,yahoo.com
user_0366,2025-10-14 23:31:34.275392,Mexico,organic,free,True,outlook.com
user_0367,2026-02-19 22:35:12.275392,Spain,paid,free,False,gmail.com
user_0368,2025-04-10 02:10:53.275392,Mexico,paid,basic,True,yahoo.com
user_0369,2025-03-29 00:11:12.275392,Mexico,paid,basic,True,yahoo.com
user_0370,2025-08-05 20:13:51.275392,Chile,organic,free,True,yahoo.com
user_0371,2025-05-03 20:13:22.275392,Chile,organic,free,True,gmail.com
user_0372,2025-11-17 06:26:07.275392,Mexico,paid,free,True,company.com
user_0373,2025-06-24 13:16:14.275392,Colombia,referral,basic,True,yahoo.com
user_0374,2026-02-04 08:23:14.275392,Colombia,organic,basic,True,gmail.com
user_0375,2025-12-12 01:43:18.275392,Spain,organic,free,False,company.com
user_0376,2025-06-20 20:43:13.275392,Mexico,organic,free,True,outlook.com
user_0377,2025-07-14 10:25:13.275392,Spain,organic,free,True,gmail.com
user_0378,2026-01-11 11:03:06.275392,Mexico,paid,basic,True,company.com
user_0379,2025-09-09 12:00:48.275392,Mexico,paid,free,True,company.com
user_0380,2025-11-27 18:04:59.275392,Spain,referral,free,False,outlook.com
user_0381,2025-11-06 18:12:54.275392,Mexico,organic,free,True,company.com
user_0382,2025-04-11 08:56:20.275392,Spain,referral,free,False,gmail.com
user_0383,2025-10-28 20:07:53.275392,Spain,referral,free,True,company.com
user_0384,2025-05-03 13:15:24.275392,Chile,referral,free,True,outlook.com
user_0385,2025-08-16 14:26:18.275392,Spain,paid,free,True,gmail.com
user_0386,2025-07-05 05:42:09.275392,Spain,referral,basic,True,company.com
user_0387,2025-12-04 03:33:41.275392,Mexico,organic,free,True,outlook.com
user_0388,2026-01-20 09:53:39.275392,Spain,referral,free,True,gmail.com
user_0389,2025-04-02 00:23:17.275392,Spain,referral,free,True,outlook.com
user_0390,2025-10-02 08:01:04.275392,Argentina,organic,free,True,yahoo.com
user_0391,2026-02-24 12:33:55.275392,Mexico,referral,free,False,company.com
user_0392,2025-07-15 07:57:07.275392,Spain,organic,free,True,outlook.com
user_0393,2025-07-08 00:06:42.275392,Spain,paid,free,True,yahoo.com
user_0394,2025-04-29 17:00:10.275392,Spain,paid,free,True,gmail.com
user_0395,2026-03-01 17:03:44.275392,Argentina,organic,free,True,outlook.com
user_0396,2026-01-19 11:33:14.275392,Argentina,organic,free,True,company.com
user_0397,2025-10-05 22:33:41.275392,Spain,organic,free,True,gmail.com
user_0398,2025-05-12 10:36:02.275392,Argentina,paid,pro,True,gmail.com
user_0399,2026-02-16 21:48:28.275392,Spain,organic,free,True,yahoo.com
user_0400,2026-01-24 07:18:12.275392,Mexico,organic,free,True,gmail.com
user_0401,2025-07-03 03:16:33.275392,Mexico,paid,free,True,gmail.com
user_0402,2025-10-17 02:29:59.275392,Chile,organic,free,True,company.com
user_0403,2025-10-25 21:27:42.275392,Spain,referral,free,True,yahoo.com
user_0404,2025-12-05 12:50:35.275392,Spain,paid,free,True,gmail.com
user_0405,2025-09-16 06:31:05.275392,Mexico,organic,free,False,outlook.com
user_0406,2025-07-24 11:19:47.275392,Colombia,referral,basic,True,outlook.com
user_0407,2025-06-17 06:08:41.275392,Colombia,organic,free,True,outlook.com
user_0408,2025-07-04 01:51:21.275392,Mexico,organic,basic,True,outlook.com
user_0409,2025-09-03 05:56:36.275392,Spain,organic,free,True,outlook.com
user_0410,2025-07-20 20:52:56.275392,Mexico,organic,basic,True,outlook.com
user_0411,2026-02-03 06:12:25.275392,Mexico,paid,basic,False,yahoo.com
user_0412,2026-02-20 00:06:23.275392,Spain,paid,free,True,yahoo.com
user_0413,2026-02-20 02:07:12.275392,Argentina,organic,free,True,yahoo.com
user_0414,2025-09-07 15:15:25.275392,Chile,organic,free,True,yahoo.com
user_0415,2025-09-04 16:47:59.275392,Colombia,paid,basic,True,outlook.com
user_0416,2025-04-06 04:40:38.275392,Spain,organic,free,True,gmail.com
user_0417,2025-07-23 19:32:13.275392,Argentina,organic,free,True,company.com
user_0418,2026-02-11 05:42:21.275392,Mexico,organic,free,True,yahoo.com
user_0419,2026-01-26 11:58:31.275392,Colombia,paid,basic,True,gmail.com
user_0420,2025-10-10 06:29:54.275392,Spain,paid,free,True,outlook.com
user_0421,2025-04-02 01:18:19.275392,Argentina,organic,free,True,company.com
user_0422,2025-12-21 12:41:56.275392,Chile,organic,free,False,yahoo.com
user_0423,2025-08-16 21:07:35.275392,Mexico,paid,free,True,gmail.com
user_0424,2025-07-08 09:31:26.275392,Spain,paid,basic,True,gmail.com
user_0425,2025-10-14 12:34:44.275392,Mexico,referral,free,True,gmail.com
user_0426,2026-02-01 20:03:24.275392,Argentina,organic,free,True,gmail.com
user_0427,2025-04-17 02:16:40.275392,Colombia,referral,free,True,gmail.com
user_0428,2026-02-26 08:10:33.275392,Mexico,organic,basic,True,outlook.com
user_0429,2025-07-16 13:36:57.275392,Spain,referral,free,True,outlook.com
user_0430,2026-01-08 20:19:21.275392,Colombia,organic,free,True,gmail.com
user_0431,2025-07-14 13:34:42.275392,Spain,organic,free,True,outlook.com
user_0432,2026-01-28 06:10:31.275392,Mexico,organic,free,True,company.com
user_0433,2025-11-13 10:36:54.275392,Mexico,paid,free,False,outlook.com
user_0434,2025-05-13 14:43:14.275392,Colombia,organic,free,True,outlook.com
user_0435,2026-03-06 10:56:11.275392,Argentina,organic,pro,True,company.com
user_0436,2025-06-05 20:01:43.275392,Spain,paid,basic,True,company.com
user_0437,2025-11-14 13:51:43.275392,Argentina,paid,free,False,gmail.com
user_0438,2025-09-03 23:16:21.275392,Mexico,organic,pro,True,company.com
user_0439,2026-02-11 13:06:44.275392,Chile,organic,free,False,gmail.com
user_0440,2026-01-04 02:34:53.275392,Argentina,organic,free,False,yahoo.com
user_0441,2025-04-10 09:01:51.275392,Argentina,paid,free,True,outlook.com
user_0442,2025-05-20 11:16:45.275392,Colombia,organic,free,False,outlook.com
user_0443,2025-06-30 12:43:23.275392,Colombia,paid,free,True,yahoo.com
user_0444,2025-06-27 08:53:45.275392,Spain,organic,free,True,yahoo.com
user_0445,2025-05-24 19:37:56.275392,Mexico,organic,free,True,outlook.com
user_0446,2025-05-01 07:38:55.275392,Colombia,organic,free,True,yahoo.com
user_0447,2025-06-24 13:35:07.275392,Mexico,paid,basic,True,gmail.com
user_0448,2025-08-12 16:24:56.275392,Mexico,paid,pro,False,yahoo.com
user_0449,2025-08-12 15:33:37.275392,Spain,paid,free,True,company.com
user_0450,2025-06-20 11:55:07.275392,Mexico,paid,free,True,outlook.com
user_0451,2025-09-21 17:35:27.275392,Mexico,organic,free,True,yahoo.com
user_0452,2025-09-06 23:55:35.275392,Colombia,paid,free,True,yahoo.com
user_0453,2025-04-14 07:23:06.275392,Spain,organic,free,False,gmail.com
user_0454,2025-10-11 17:33:33.275392,Spain,paid,free,True,company.com
user_0455,2025-03-26 01:05:06.275392,Argentina,organic,free,True,gmail.com
user_0456,2025-08-16 16:45:37.275392,Argentina,organic,free,True,company.com
user_0457,2025-08-23 05:07:05.275392,Spain,paid,basic,True,outlook.com
user_0458,2025-04-19 19:31:51.275392,Spain,paid,free,True,gmail.com
user_0459,2025-09-17 14:04:54.275392,Chile,organic,free,True,outlook.com
user_0460,2025-07-05 22:46:43.275392,Spain,organic,free,True,company.com
user_0461,2025-07-20 08:51:24.275392,Mexico,organic,free,True,gmail.com
user_0462,2025-04-29 21:02:08.275392,Argentina,organic,free,True,yahoo.com
user_0463,2025-06-08 16:25:33.275392,Colombia,paid,pro,True,company.com
user_0464,2025-04-20 17:45:11.275392,Spain,organic,free,True,outlook.com
user_0465,2026-02-13 01:07:50.275392,Spain,organic,free,True,gmail.com
user_0466,2025-08-06 11:33:14.275392,Chile,organic,pro,True,outlook.com
user_0467,2025-04-30 17:51:38.275392,Chile,organic,basic,True,yahoo.com
user_0468,2025-06-22 19:18:34.275392,Argentina,organic,free,True,yahoo.com
user_0469,2025-04-25 19:27:46.275392,Spain,organic,free,True,outlook.com
user_0470,2026-02-18 19:33:14.275392,Colombia,referral,basic,True,yahoo.com
user_0471,2025-04-30 22:16:27.275392,Spain,organic,basic,True,company.com
user_0472,2025-04-02 03:46:57.275392,Mexico,paid,free,True,gmail.com
user_0473,2025-08-26 16:29:45.275392,Spain,organic,free,True,yahoo.com
user_0474,2025-11-12 03:13:10.275392,Colombia,organic,free,True,yahoo.com
user_0475,2025-04-29 19:39:40.275392,Chile,organic,free,True,gmail.com
user_0476,2025-10-20 03:58:43.275392,Spain,organic,basic,True,outlook.com
user_0477,2025-06-09 13:49:44.275392,Spain,organic,pro,True,yahoo.com
user_0478,2025-10-20 12:48:15.275392,Spain,organic,free,True,company.com
user_0479,2025-10-01 01:30:24.275392,Mexico,organic,free,True,outlook.com
user_0480,2025-12-15 10:27:56.275392,Spain,organic,free,True,yahoo.com
user_0481,2025-04-28 17:00:08.275392,Spain,organic,pro,True,gmail.com
user_0482,2025-08-15 09:37:39.275392,Spain,organic,basic,True,outlook.com
user_0483,2026-03-12 13:20:37.275392,Colombia,organic,free,False,yahoo.com
user_0484,2026-01-15 14:08:59.275392,Mexico,organic,free,True,outlook.com
user_0485,2026-01-19 19:21:17.275392,Argentina,organic,free,True,outlook.com
user_0486,2026-02-01 08:10:05.275392,Colombia,paid,basic,False,outlook.com
user_0487,2025-07-31 23:57:17.275392,Chile,paid,basic,False,company.com
user_0488,2025-10-20 01:43:37.275392,Chile,organic,free,True,gmail.com
user_0489,2026-01-14 10:34:39.275392,Spain,organic,basic,True,company.com
user_0490,2026-03-20 05:58:21.275392,Chile,organic,free,False,outlook.com
user_0491,2025-09-04 08:32:52.275392,Spain,paid,basic,False,outlook.com
user_0492,2025-12-18 20:16:04.275392,Spain,organic,free,True,outlook.com
user_0493,2025-08-14 00:01:34.275392,Mexico,organic,free,True,yahoo.com
user_0494,2025-10-18 06:35:40.275392,Colombia,organic,free,False,outlook.com
user_0495,2025-09-18 16:59:34.275392,Colombia,paid,free,False,outlook.com
user_0496,2025-08-28 20:18:52.275392,Chile,paid,free,True,company.com
user_0497,2026-02-19 04:40:00.275392,Spain,organic,free,True,company.com
user_0498,2026-02-16 12:07:57.275392,Spain,organic,free,True,company.com
user_0499,2025-10-16 14:39:12.275392,Mexico,organic,free,True,company.com
user_0500,2025-04-25 19:26:26.275392,Mexico,organic,free,False,outlook.com
user_0501,2025-12-23 15:32:43.275392,Spain,paid,free,True,outlook.com
user_0502,2026-01-18 00:21:13.275392,Mexico,organic,basic,True,outlook.com
user_0503,2025-08-17 01:02:48.275392,Spain,organic,basic,True,company.com
user_0504,2025-04-12 12:44:48.275392,Chile,paid,basic,True,company.com
user_0505,2026-02-13 23:22:05.275392,Mexico,referral,free,True,company.com
user_0506,2025-12-12 09:29:50.275392,Mexico,organic,free,True,company.com
user_0507,2025-04-11 03:50:07.275392,Spain,referral,free,False,outlook.com
user_0508,2025-12-18 06:07:39.275392,Colombia,referral,free,False,gmail.com
user_0509,2025-08-27 19:40:08.275392,Spain,paid,basic,False,yahoo.com
user_0510,2025-10-29 22:00:38.275392,Spain,referral,free,False,company.com
user_0511,2025-12-24 15:56:19.275392,Colombia,paid,free,True,gmail.com
user_0512,2026-01-29 14:17:01.275392,Spain,organic,free,True,gmail.com
user_0513,2025-07-30 02:29:24.275392,Argentina,paid,free,True,company.com
user_0514,2025-07-22 08:52:11.275392,Spain,paid,pro,True,outlook.com
user_0515,2025-11-11 12:09:01.275392,Argentina,organic,free,True,outlook.com
user_0516,2025-09-25 08:54:50.275392,Spain,organic,free,False,company.com
user_0517,2026-01-10 09:33:04.275392,Spain,organic,basic,True,gmail.com
user_0518,2025-09-01 10:51:55.275392,Spain,organic,basic,True,company.com
user_0519,2025-05-17 15:47:14.275392,Chile,organic,free,True,outlook.com
user_0520,2026-03-18 20:11:52.275392,Colombia,organic,free,True,company.com
user_0521,2025-07-15 23:39:18.275392,Spain,organic,free,True,yahoo.com
user_0522,2026-02-11 09:11:39.275392,Chile,paid,free,True,company.com
user_0523,2025-09-26 23:49:52.275392,Chile,paid,free,True,outlook.com
user_0524,2025-07-31 23:05:42.275392,Spain,organic,free,True,company.com
user_0525,2025-11-03 04:20:51.275392,Spain,organic,free,True,gmail.com
user_0526,2025-10-16 00:31:14.275392,Argentina,organic,free,True,outlook.com
user_0527,2025-06-04 13:03:20.275392,Mexico,paid,free,True,gmail.com
user_0528,2025-05-29 21:26:38.275392,Chile,paid,free,True,yahoo.com
user_0529,2025-04-26 08:16:18.275392,Colombia,paid,free,True,gmail.com
user_0530,2025-08-10 02:58:37.275392,Spain,organic,free,True,outlook.com
user_0531,2025-04-22 01:09:42.275392,Spain,organic,free,True,gmail.com
user_0532,2025-05-15 01:29:34.275392,Colombia,referral,free,True,outlook.com
user_0533,2025-06-13 10:00:04.275392,Mexico,organic,free,True,company.com
user_0534,2025-06-30 09:54:09.275392,Spain,organic,free,False,yahoo.com
user_0535,2025-07-16 17:05:22.275392,Colombia,organic,free,False,outlook.com
user_0536,2025-09-10 04:45:44.275392,Spain,organic,free,True,company.com
user_0537,2025-06-07 15:15:26.275392,Argentina,paid,free,True,yahoo.com
user_0538,2026-02-26 19:16:01.275392,Colombia,organic,basic,True,company.com
user_0539,2025-09-12 01:54:11.275392,Colombia,organic,basic,True,yahoo.com
user_0540,2025-08-17 03:09:46.275392,Spain,organic,free,False,gmail.com
user_0541,2026-01-08 12:59:22.275392,Chile,referral,free,False,company.com
user_0542,2026-02-20 01:09:56.275392,Mexico,referral,free,True,company.com
user_0543,2025-11-13 06:36:13.275392,Spain,organic,free,True,gmail.com
user_0544,2025-05-16 11:25:00.275392,Chile,referral,free,True,gmail.com
user_0545,2025-08-26 10:16:06.275392,Colombia,organic,free,False,outlook.com
user_0546,2025-07-10 21:34:41.275392,Spain,organic,free,True,gmail.com
user_0547,2025-08-11 02:48:47.275392,Colombia,paid,free,True,outlook.com
user_0548,2025-10-31 20:23:52.275392,Colombia,paid,basic,True,yahoo.com
user_0549,2026-01-26 23:54:49.275392,Mexico,referral,free,True,outlook.com
user_0550,2026-03-09 23:21:35.275392,Spain,organic,free,True,outlook.com
user_0551,2026-03-16 07:13:43.275392,Spain,organic,pro,True,gmail.com
user_0552,2025-11-05 23:55:06.275392,Spain,organic,basic,True,yahoo.com
user_0553,2025-07-07 03:01:10.275392,Colombia,organic,free,True,company.com
user_0554,2026-03-16 23:22:58.275392,Argentina,organic,free,True,company.com
user_0555,2025-07-01 09:57:52.275392,Spain,organic,basic,True,yahoo.com
user_0556,2025-04-16 06:35:51.275392,Chile,organic,free,True,gmail.com
user_0557,2025-05-20 15:05:39.275392,Argentina,organic,pro,True,outlook.com
user_0558,2025-05-21 05:38:13.275392,Spain,referral,free,True,gmail.com
user_0559,2025-04-15 22:54:39.275392,Colombia,organic,free,True,yahoo.com
user_0560,2025-10-11 16:15:23.275392,Spain,organic,free,True,outlook.com
user_0561,2025-09-19 02:50:20.275392,Spain,referral,free,True,yahoo.com
user_0562,2025-04-15 16:08:31.275392,Spain,paid,free,True,outlook.com
user_0563,2025-09-13 22:28:56.275392,Spain,paid,free,True,gmail.com
user_0564,2025-12-27 17:36:13.275392,Colombia,organic,basic,True,yahoo.com
user_0565,2025-11-06 17:42:59.275392,Spain,paid,free,True,outlook.com
user_0566,2025-10-15 03:06:44.275392,Spain,organic,free,False,company.com
user_0567,2026-03-21 15:56:42.275392,Colombia,referral,free,False,company.com
user_0568,2026-01-13 02:53:34.275392,Spain,organic,basic,True,company.com
user_0569,2025-12-29 23:45:24.275392,Mexico,organic,free,True,company.com
user_0570,2025-04-24 11:05:59.275392,Spain,organic,pro,True,gmail.com
user_0571,2025-07-01 03:41:44.275392,Spain,organic,free,True,company.com
user_0572,2026-02-22 12:44:21.275392,Colombia,organic,free,True,company.com
user_0573,2025-09-27 23:05:38.275392,Mexico,paid,free,False,outlook.com
user_0574,2026-01-25 05:21:56.275392,Mexico,paid,free,True,yahoo.com
user_0575,2025-04-08 07:41:29.275392,Mexico,organic,basic,True,yahoo.com
user_0576,2025-07-16 20:13:16.275392,Colombia,organic,free,False,gmail.com
user_0577,2025-10-18 21:25:47.275392,Spain,referral,free,False,gmail.com
user_0578,2025-06-17 03:08:49.275392,Spain,referral,free,False,company.com
user_0579,2025-10-11 19:59:45.275392,Mexico,organic,free,True,yahoo.com
user_0580,2025-12-03 04:39:40.275392,Spain,referral,free,True,yahoo.com
user_0581,2025-10-21 03:40:27.275392,Spain,organic,free,True,company.com
user_0582,2026-03-13 21:12:07.275392,Argentina,organic,free,True,outlook.com
user_0583,2026-03-12 20:00:20.275392,Spain,paid,free,True,outlook.com
user_0584,2026-02-20 00:06:49.275392,Spain,organic,free,True,company.com
user_0585,2025-07-16 05:24:00.275392,Spain,organic,free,True,outlook.com
user_0586,2026-02-08 21:45:36.275392,Argentina,organic,free,True,outlook.com
user_0587,2025-06-02 00:59:31.275392,Mexico,referral,free,True,outlook.com
user_0588,2026-01-02 16:03:47.275392,Argentina,paid,free,True,outlook.com
user_0589,2025-06-16 16:03:08.275392,Mexico,referral,basic,True,gmail.com
user_0590,2025-05-25 03:46:30.275392,Argentina,paid,free,True,company.com
user_0591,2026-03-22 00:59:47.275392,Mexico,organic,basic,True,yahoo.com
user_0592,2025-10-07 20:16:05.275392,Spain,paid,free,False,gmail.com
user_0593,2025-04-02 01:01:58.275392,Spain,referral,free,True,company.com
user_0594,2025-07-19 21:37:44.275392,Colombia,organic,free,True,gmail.com
user_0595,2026-03-05 15:51:10.275392,Spain,organic,basic,False,outlook.com
user_0596,2025-10-14 20:24:22.275392,Spain,paid,free,True,gmail.com
user_0597,2026-03-16 03:49:19.275392,Chile,organic,free,True,outlook.com
user_0598,2026-03-24 07:00:44.275392,Argentina,organic,free,True,outlook.com
user_0599,2025-04-01 14:31:34.275392,Mexico,organic,free,True,outlook.com
user_0600,2025-03-31 07:58:33.275392,Mexico,referral,free,True,company.com
user_0601,2025-09-09 11:23:28.275392,Spain,organic,free,True,yahoo.com
user_0602,2025-08-12 06:38:41.275392,Colombia,paid,free,True,company.com
user_0603,2025-07-07 18:33:49.275392,Chile,organic,free,True,company.com
user_0604,2026-02-17 00:45:16.275392,Colombia,organic,free,True,outlook.com
user_0605,2026-03-15 16:04:07.275392,Chile,paid,free,True,company.com
user_0606,2025-07-16 10:33:34.275392,Mexico,organic,free,True,outlook.com
user_0607,2026-02-16 09:15:35.275392,Spain,organic,free,True,gmail.com
user_0608,2026-02-22 05:29:57.275392,Colombia,organic,free,False,yahoo.com
user_0609,2025-07-29 02:57:34.275392,Colombia,paid,basic,True,gmail.com
user_0610,2025-11-12 11:56:20.275392,Spain,organic,free,True,gmail.com
user_0611,2025-06-11 02:40:04.275392,Mexico,paid,free,True,outlook.com
user_0612,2025-12-17 14:10:27.275392,Spain,organic,free,True,outlook.com
user_0613,2025-05-30 07:24:19.275392,Mexico,paid,free,True,gmail.com
user_0614,2025-10-14 16:34:27.275392,Argentina,organic,pro,True,gmail.com
user_0615,2026-03-01 17:40:08.275392,Chile,referral,free,True,yahoo.com
user_0616,2025-11-26 20:44:38.275392,Colombia,organic,free,True,yahoo.com
user_0617,2026-02-12 16:19:11.275392,Spain,paid,pro,True,company.com
user_0618,2025-08-23 04:15:17.275392,Mexico,paid,basic,True,company.com
user_0619,2025-12-14 03:44:52.275392,Mexico,organic,free,False,company.com
user_0620,2025-12-18 06:45:44.275392,Mexico,organic,free,True,outlook.com
user_0621,2025-07-26 08:28:05.275392,Argentina,organic,free,True,gmail.com
user_0622,2025-08-27 08:59:33.275392,Colombia,referral,free,True,outlook.com
user_0623,2026-01-02 18:21:01.275392,Colombia,referral,basic,True,yahoo.com
user_0624,2025-08-23 01:58:44.275392,Mexico,organic,free,True,outlook.com
user_0625,2025-11-07 05:12:26.275392,Spain,organic,free,False,company.com
user_0626,2025-09-05 10:27:11.275392,Spain,organic,free,True,yahoo.com
user_0627,2025-11-19 03:23:18.275392,Spain,organic,basic,True,gmail.com
user_0628,2026-02-23 17:52:34.275392,Colombia,organic,free,False,outlook.com
user_0629,2025-09-06 12:58:37.275392,Spain,referral,pro,True,outlook.com
user_0630,2025-10-07 08:24:38.275392,Spain,organic,free,True,yahoo.com
user_0631,2025-04-08 15:44:02.275392,Spain,paid,free,True,yahoo.com
user_0632,2025-11-23 20:41:39.275392,Spain,referral,free,True,yahoo.com
user_0633,2025-05-05 13:59:06.275392,Mexico,organic,free,True,gmail.com
user_0634,2026-01-06 14:23:19.275392,Spain,organic,basic,True,yahoo.com
user_0635,2025-12-26 20:26:20.275392,Mexico,paid,free,True,company.com
user_0636,2026-01-30 21:00:04.275392,Chile,organic,free,True,yahoo.com
user_0637,2025-04-25 07:16:47.275392,Spain,organic,free,True,outlook.com
user_0638,2026-01-08 00:48:07.275392,Spain,paid,free,True,gmail.com
user_0639,2025-09-23 15:51:33.275392,Spain,organic,free,True,yahoo.com
user_0640,2025-04-09 18:53:36.275392,Mexico,organic,free,False,company.com
user_0641,2025-10-28 19:18:26.275392,Spain,organic,free,False,company.com
user_0642,2026-03-11 02:45:17.275392,Mexico,organic,free,True,yahoo.com
user_0643,2025-10-10 16:32:12.275392,Argentina,referral,free,True,gmail.com
user_0644,2025-12-01 07:47:25.275392,Chile,organic,free,True,company.com
user_0645,2025-08-31 11:03:20.275392,Colombia,referral,basic,True,gmail.com
user_0646,2025-06-02 14:57:48.275392,Mexico,paid,free,False,company.com
user_0647,2025-11-07 19:53:45.275392,Chile,organic,free,True,company.com
user_0648,2025-10-05 12:13:54.275392,Mexico,organic,free,True,yahoo.com
user_0649,2025-07-07 00:13:53.275392,Chile,organic,free,True,gmail.com
user_0650,2025-03-29 01:24:49.275392,Mexico,organic,free,True,gmail.com
user_0651,2025-10-01 15:08:53.275392,Mexico,referral,free,True,outlook.com
user_0652,2026-03-16 19:17:19.275392,Mexico,organic,free,True,yahoo.com
user_0653,2025-09-16 23:03:22.275392,Argentina,organic,basic,True,company.com
user_0654,2025-06-09 07:22:41.275392,Mexico,organic,basic,True,yahoo.com
user_0655,2025-10-10 22:59:34.275392,Argentina,organic,free,True,outlook.com
user_0656,2025-07-21 17:59:42.275392,Spain,paid,basic,True,yahoo.com
user_0657,2026-01-21 17:09:12.275392,Mexico,organic,free,True,outlook.com
user_0658,2025-04-10 11:14:22.275392,Spain,referral,free,True,outlook.com
user_0659,2025-08-25 10:23:16.275392,Spain,organic,free,True,outlook.com
user_0660,2025-03-28 18:33:55.275392,Mexico,paid,free,True,company.com
user_0661,2025-12-13 15:24:59.275392,Chile,organic,free,True,gmail.com
user_0662,2026-01-23 17:45:36.275392,Spain,organic,free,True,company.com
user_0663,2025-06-11 20:27:36.275392,Mexico,organic,free,True,gmail.com
user_0664,2026-02-25 17:04:10.275392,Spain,organic,free,False,yahoo.com
user_0665,2025-12-31 23:49:38.275392,Spain,paid,free,True,yahoo.com
user_0666,2025-07-13 22:53:47.275392,Colombia,paid,free,True,yahoo.com
user_0667,2025-09-28 09:18:34.275392,Argentina,paid,free,True,outlook.com
user_0668,2025-08-13 03:52:42.275392,Argentina,paid,free,True,outlook.com
user_0669,2025-09-07 20:31:32.275392,Mexico,paid,basic,False,yahoo.com
user_0670,2025-12-29 06:59:26.275392,Colombia,organic,free,True,outlook.com
user_0671,2025-09-24 08:50:37.275392,Spain,paid,free,True,yahoo.com
user_0672,2026-03-15 18:40:42.275392,Mexico,referral,free,True,yahoo.com
user_0673,2025-08-01 16:29:25.275392,Colombia,paid,free,True,gmail.com
user_0674,2025-06-19 10:14:11.275392,Mexico,organic,free,False,gmail.com
user_0675,2026-02-05 21:12:11.275392,Chile,organic,free,True,company.com
user_0676,2025-12-08 07:19:35.275392,Spain,organic,pro,True,outlook.com
user_0677,2025-08-09 23:58:44.275392,Spain,organic,free,True,yahoo.com
user_0678,2026-03-04 10:16:56.275392,Mexico,referral,free,True,outlook.com
user_0679,2025-05-01 07:02:30.275392,Mexico,organic,basic,True,gmail.com
user_0680,2025-05-19 04:30:35.275392,Colombia,referral,free,True,yahoo.com
user_0681,2025-10-08 07:28:33.275392,Chile,referral,free,True,gmail.com
user_0682,2025-12-17 20:15:06.275392,Colombia,paid,pro,True,yahoo.com
user_0683,2025-11-08 23:16:28.275392,Spain,paid,basic,True,outlook.com
user_0684,2025-12-19 10:55:01.275392,Spain,organic,free,True,company.com
user_0685,2025-12-04 07:58:19.275392,Mexico,organic,pro,True,company.com
user_0686,2026-01-19 01:26:45.275392,Mexico,referral,free,True,yahoo.com
user_0687,2025-04-20 08:41:46.275392,Colombia,paid,basic,True,company.com
user_0688,2025-10-16 06:13:05.275392,Mexico,paid,free,True,company.com
user_0689,2025-11-30 02:40:46.275392,Colombia,paid,basic,True,outlook.com
user_0690,2025-11-23 11:10:39.275392,Mexico,organic,free,False,gmail.com
user_0691,2025-07-03 16:49:34.275392,Spain,organic,basic,True,gmail.com
user_0692,2025-11-27 06:44:33.275392,Spain,organic,free,True,company.com
user_0693,2025-12-28 04:30:44.275392,Spain,organic,free,True,company.com
user_0694,2025-08-10 02:28:33.275392,Chile,organic,free,True,gmail.com
user_0695,2025-11-12 05:18:10.275392,Mexico,paid,free,True,company.com
user_0696,2025-11-23 10:15:27.275392,Argentina,referral,basic,True,gmail.com
user_0697,2025-10-14 08:06:50.275392,Mexico,paid,pro,False,company.com
user_0698,2025-12-10 04:47:58.275392,Mexico,organic,basic,True,company.com
user_0699,2026-02-22 22:37:41.275392,Mexico,referral,free,True,outlook.com
user_0700,2025-07-29 23:24:31.275392,Spain,organic,free,True,gmail.com
user_0701,2025-05-12 02:30:44.275392,Spain,paid,free,True,outlook.com
user_0702,2025-10-15 11:33:17.275392,Argentina,referral,pro,True,yahoo.com
user_0703,2026-01-20 05:28:36.275392,Spain,organic,free,True,outlook.com
user_0704,2025-09-29 08:24:39.275392,Mexico,organic,free,True,company.com
user_0705,2025-07-14 08:21:16.275392,Spain,organic,free,True,gmail.com
user_0706,2026-02-18 06:07:15.275392,Spain,organic,free,False,gmail.com
user_0707,2025-06-07 10:16:45.275392,Colombia,organic,basic,False,gmail.com
user_0708,2025-10-26 06:02:33.275392,Argentina,paid,free,False,outlook.com
user_0709,2026-01-03 19:56:16.275392,Spain,organic,free,True,outlook.com
user_0710,2026-01-30 21:35:44.275392,Mexico,organic,free,True,gmail.com
user_0711,2025-09-01 13:28:32.275392,Chile,organic,pro,True,gmail.com
user_0712,2025-12-20 09:19:22.275392,Argentina,paid,free,False,yahoo.com
user_0713,2025-05-19 07:47:59.275392,Mexico,organic,free,False,gmail.com
user_0714,2025-10-14 08:49:54.275392,Mexico,organic,free,True,company.com
user_0715,2025-10-02 16:44:21.275392,Argentina,organic,free,False,company.com
user_0716,2025-07-04 15:01:19.275392,Mexico,paid,free,False,outlook.com
user_0717,2026-02-16 11:22:14.275392,Spain,referral,free,False,yahoo.com
user_0718,2025-10-26 11:36:24.275392,Spain,organic,free,True,company.com
user_0719,2025-05-15 13:10:07.275392,Mexico,organic,free,True,outlook.com
user_0720,2025-06-27 03:30:19.275392,Spain,organic,free,False,gmail.com
user_0721,2026-01-16 02:18:39.275392,Spain,referral,free,True,company.com
user_0722,2025-08-09 14:20:54.275392,Colombia,organic,free,True,outlook.com
user_0723,2025-06-28 02:55:09.275392,Mexico,paid,free,False,outlook.com
user_0724,2026-02-03 04:12:45.275392,Mexico,paid,free,True,outlook.com
user_0725,2025-04-29 11:35:57.275392,Spain,organic,basic,True,gmail.com
user_0726,2025-04-27 03:31:46.275392,Spain,organic,free,False,gmail.com
user_0727,2025-09-09 01:01:44.275392,Mexico,organic,basic,True,gmail.com
user_0728,2025-07-27 17:08:33.275392,Mexico,organic,free,True,company.com
user_0729,2025-08-13 18:24:06.275392,Argentina,paid,free,True,company.com
user_0730,2025-06-07 17:21:05.275392,Spain,organic,free,True,gmail.com
user_0731,2025-07-12 20:42:31.275392,Spain,paid,basic,True,outlook.com
user_0732,2025-08-16 13:34:39.275392,Spain,referral,free,True,yahoo.com
user_0733,2025-10-22 05:14:55.275392,Colombia,paid,pro,True,company.com
user_0734,2026-03-01 19:53:48.275392,Spain,paid,basic,True,outlook.com
user_0735,2025-05-29 14:56:23.275392,Chile,organic,pro,True,outlook.com
user_0736,2026-01-01 14:40:56.275392,Spain,referral,free,True,company.com
user_0737,2026-02-21 15:41:43.275392,Argentina,organic,basic,True,yahoo.com
user_0738,2025-09-10 04:11:40.275392,Spain,organic,free,True,gmail.com
user_0739,2025-10-23 02:15:24.275392,Mexico,organic,basic,True,outlook.com
user_0740,2025-06-03 11:45:45.275392,Spain,paid,free,False,company.com
user_0741,2026-03-04 09:54:31.275392,Mexico,organic,free,True,outlook.com
user_0742,2025-12-28 06:58:01.275392,Mexico,organic,basic,True,company.com
user_0743,2025-12-09 09:18:53.275392,Mexico,organic,free,True,outlook.com
user_0744,2025-07-11 04:16:59.275392,Colombia,organic,free,False,gmail.com
user_0745,2025-10-09 01:14:35.275392,Argentina,paid,free,True,outlook.com
user_0746,2025-08-28 23:15:27.275392,Argentina,paid,free,True,outlook.com
user_0747,2025-12-25 05:24:45.275392,Spain,organic,basic,False,outlook.com
user_0748,2025-09-07 07:41:26.275392,Spain,paid,free,True,company.com
user_0749,2026-01-23 18:32:36.275392,Spain,paid,free,True,yahoo.com
user_0750,2026-02-06 11:11:52.275392,Mexico,paid,free,True,gmail.com
user_0751,2026-01-15 09:02:18.275392,Spain,paid,free,False,company.com
user_0752,2025-04-15 03:44:29.275392,Colombia,paid,free,True,company.com
user_0753,2025-08-14 09:34:17.275392,Chile,paid,free,False,yahoo.com
user_0754,2025-09-22 18:23:42.275392,Chile,organic,free,True,company.com
user_0755,2026-02-04 12:16:47.275392,Spain,organic,basic,False,yahoo.com
user_0756,2026-01-06 07:03:19.275392,Spain,paid,free,True,company.com
user_0757,2025-11-11 21:31:58.275392,Spain,organic,free,True,yahoo.com
user_0758,2026-02-20 07:25:54.275392,Spain,organic,free,True,yahoo.com
user_0759,2025-08-07 10:49:33.275392,Argentina,organic,free,False,yahoo.com
user_0760,2025-08-22 05:47:30.275392,Mexico,paid,free,True,company.com
user_0761,2025-08-08 15:54:36.275392,Mexico,paid,free,True,yahoo.com
user_0762,2025-06-09 21:33:47.275392,Colombia,organic,free,True,outlook.com
user_0763,2025-10-30 10:57:33.275392,Argentina,organic,free,True,yahoo.com
user_0764,2025-09-28 08:36:03.275392,Mexico,organic,free,True,outlook.com
user_0765,2025-08-23 21:06:19.275392,Colombia,organic,free,True,yahoo.com
user_0766,2025-06-03 11:30:04.275392,Argentina,paid,free,True,outlook.com
user_0767,2025-05-03 10:41:45.275392,Mexico,paid,free,True,company.com
user_0768,2025-12-24 22:50:58.275392,Spain,organic,free,True,outlook.com
user_0769,2025-11-08 11:28:11.275392,Spain,organic,free,True,gmail.com
user_0770,2025-10-29 15:16:15.275392,Chile,organic,free,True,gmail.com
user_0771,2025-07-31 17:22:28.275392,Mexico,organic,basic,True,yahoo.com
user_0772,2025-08-22 15:16:27.275392,Mexico,organic,free,True,yahoo.com
user_0773,2025-08-24 02:49:47.275392,Argentina,organic,free,True,outlook.com
user_0774,2025-12-19 00:44:21.275392,Spain,organic,pro,True,gmail.com
user_0775,2025-07-19 22:54:48.275392,Chile,organic,free,True,gmail.com
user_0776,2026-03-03 22:34:07.275392,Spain,organic,free,True,company.com
user_0777,2025-12-04 15:24:14.275392,Spain,organic,free,True,company.com
user_0778,2026-03-02 07:38:44.275392,Chile,organic,free,True,yahoo.com
user_0779,2025-12-26 16:09:15.275392,Colombia,paid,basic,True,yahoo.com
user_0780,2025-12-28 23:15:27.275392,Chile,organic,basic,False,gmail.com
user_0781,2025-05-31 01:01:44.275392,Spain,organic,basic,False,company.com
user_0782,2026-03-06 19:37:39.275392,Mexico,paid,free,True,yahoo.com
user_0783,2025-07-23 10:18:57.275392,Mexico,organic,basic,False,company.com
user_0784,2025-10-05 22:07:08.275392,Spain,paid,free,False,outlook.com
user_0785,2025-04-18 23:17:06.275392,Spain,organic,free,False,yahoo.com
user_0786,2025-09-12 22:42:52.275392,Chile,paid,pro,True,gmail.com
user_0787,2025-08-30 02:47:03.275392,Spain,organic,free,True,yahoo.com
user_0788,2026-01-20 08:14:58.275392,Mexico,paid,free,False,company.com
user_0789,2025-09-14 09:20:30.275392,Argentina,organic,free,True,outlook.com
user_0790,2025-11-07 06:52:27.275392,Spain,paid,free,True,outlook.com
user_0791,2025-05-05 06:30:51.275392,Mexico,organic,free,True,gmail.com
user_0792,2026-03-02 06:59:53.275392,Mexico,referral,free,True,yahoo.com
user_0793,2025-12-26 20:33:37.275392,Spain,referral,pro,True,yahoo.com
user_0794,2025-11-08 10:41:37.275392,Mexico,organic,free,False,gmail.com
user_0795,2026-01-12 04:59:23.275392,Spain,organic,free,False,gmail.com
user_0796,2025-04-04 08:17:54.275392,Mexico,organic,free,True,gmail.com
user_0797,2025-10-29 07:45:23.275392,Argentina,paid,free,True,company.com
user_0798,2025-07-22 22:30:33.275392,Spain,organic,free,True,yahoo.com
user_0799,2025-09-08 18:23:26.275392,Spain,organic,free,True,yahoo.com
user_0800,2025-04-18 07:39:09.275392,Chile,paid,free,False,gmail.com
user_0801,2025-08-20 19:22:38.275392,Spain,organic,free,True,yahoo.com
user_0802,2025-04-25 07:14:31.275392,Mexico,organic,free,False,gmail.com
user_0803,2025-07-19 20:49:37.275392,Colombia,organic,free,True,company.com
user_0804,2026-03-20 00:45:46.275392,Spain,paid,free,True,outlook.com
user_0805,2025-07-19 13:09:23.275392,Spain,paid,basic,True,gmail.com
user_0806,2025-10-26 04:48:33.275392,Mexico,organic,free,True,gmail.com
user_0807,2025-07-18 16:35:44.275392,Argentina,organic,free,True,yahoo.com
user_0808,2026-02-02 10:07:48.275392,Spain,organic,basic,True,gmail.com
user_0809,2025-12-05 19:30:10.275392,Mexico,paid,free,True,gmail.com
user_0810,2025-11-09 13:40:22.275392,Mexico,paid,free,True,gmail.com
user_0811,2026-03-24 15:09:37.275392,Argentina,organic,free,True,yahoo.com
user_0812,2025-11-30 15:13:54.275392,Argentina,paid,basic,True,gmail.com
user_0813,2025-04-15 00:58:43.275392,Mexico,referral,free,False,gmail.com
user_0814,2025-08-14 01:30:18.275392,Spain,organic,free,False,company.com
user_0815,2025-10-25 19:21:11.275392,Argentina,referral,basic,True,company.com
user_0816,2025-07-17 23:51:54.275392,Colombia,organic,free,True,gmail.com
user_0817,2025-11-19 14:54:25.275392,Mexico,paid,free,False,company.com
user_0818,2025-06-19 11:31:45.275392,Spain,referral,basic,False,outlook.com
user_0819,2025-06-10 12:13:20.275392,Spain,organic,free,True,outlook.com
user_0820,2025-08-12 17:46:04.275392,Chile,organic,basic,True,outlook.com
user_0821,2025-11-10 09:25:05.275392,Spain,organic,free,False,yahoo.com
user_0822,2026-01-26 23:51:11.275392,Mexico,organic,basic,True,company.com
user_0823,2025-12-15 08:44:45.275392,Argentina,organic,pro,True,gmail.com
user_0824,2025-06-01 17:40:33.275392,Spain,organic,free,False,outlook.com
user_0825,2025-03-27 16:54:57.275392,Mexico,paid,pro,True,outlook.com
user_0826,2025-05-02 05:26:39.275392,Mexico,organic,free,True,company.com
user_0827,2025-06-02 00:13:21.275392,Spain,organic,basic,True,gmail.com
user_0828,2025-09-19 16:43:54.275392,Argentina,organic,free,True,company.com
user_0829,2026-01-11 20:29:59.275392,Spain,referral,free,True,yahoo.com
user_0830,2026-01-01 14:44:45.275392,Spain,paid,free,True,gmail.com
user_0831,2026-01-03 22:37:37.275392,Chile,organic,pro,True,yahoo.com
user_0832,2025-11-15 07:13:55.275392,Spain,paid,free,False,outlook.com
user_0833,2025-05-27 18:11:40.275392,Chile,referral,basic,True,gmail.com
user_0834,2025-05-17 23:25:30.275392,Spain,organic,free,True,yahoo.com
user_0835,2026-03-20 16:33:06.275392,Colombia,organic,free,True,outlook.com
user_0836,2026-03-11 20:10:44.275392,Spain,paid,free,True,gmail.com
user_0837,2025-05-20 05:09:35.275392,Mexico,organic,basic,True,yahoo.com
user_0838,2025-08-17 04:50:52.275392,Chile,referral,basic,True,company.com
user_0839,2026-01-25 18:39:47.275392,Argentina,paid,free,True,gmail.com
user_0840,2025-09-11 15:56:28.275392,Argentina,referral,basic,False,outlook.com
user_0841,2025-03-31 01:37:44.275392,Spain,organic,free,True,company.com
user_0842,2026-01-16 06:56:38.275392,Chile,organic,free,True,gmail.com
user_0843,2025-10-22 19:58:01.275392,Mexico,paid,basic,True,outlook.com
user_0844,2025-06-16 18:51:19.275392,Spain,referral,pro,False,outlook.com
user_0845,2025-08-02 23:16:25.275392,Mexico,paid,free,True,company.com
user_0846,2025-05-14 18:40:34.275392,Mexico,organic,free,True,outlook.com
user_0847,2025-08-30 19:20:56.275392,Colombia,paid,free,True,company.com
user_0848,2026-03-05 16:42:36.275392,Mexico,organic,free,True,company.com
user_0849,2025-12-27 09:04:06.275392,Mexico,organic,free,True,outlook.com
user_0850,2026-01-04 11:24:08.275392,Chile,paid,free,False,company.com
user_0851,2025-09-17 14:22:58.275392,Mexico,paid,basic,True,gmail.com
user_0852,2026-02-03 12:10:58.275392,Mexico,organic,free,True,gmail.com
user_0853,2026-01-08 07:09:25.275392,Spain,organic,basic,False,outlook.com
user_0854,2025-06-15 09:10:40.275392,Colombia,organic,free,True,yahoo.com
user_0855,2025-08-23 01:09:34.275392,Spain,organic,free,True,outlook.com
user_0856,2026-01-11 09:17:28.275392,Argentina,paid,basic,True,gmail.com
user_0857,2025-09-26 14:15:35.275392,Spain,organic,pro,True,gmail.com
user_0858,2025-11-22 08:57:26.275392,Spain,paid,free,True,yahoo.com
user_0859,2025-09-10 00:13:43.275392,Chile,referral,pro,True,gmail.com
user_0860,2025-04-10 14:59:24.275392,Spain,organic,free,True,outlook.com
user_0861,2025-04-23 00:31:30.275392,Colombia,referral,basic,True,gmail.com
user_0862,2025-09-21 22:42:39.275392,Argentina,organic,free,True,gmail.com
user_0863,2025-05-19 03:15:01.275392,Spain,referral,free,False,gmail.com
user_0864,2026-02-27 06:29:12.275392,Argentina,organic,basic,True,yahoo.com
user_0865,2025-06-12 12:55:19.275392,Chile,organic,free,True,company.com
user_0866,2025-07-03 10:49:23.275392,Spain,referral,free,True,gmail.com
user_0867,2025-07-28 17:42:59.275392,Colombia,paid,free,True,outlook.com
user_0868,2025-12-11 23:48:25.275392,Mexico,organic,free,False,company.com
user_0869,2026-03-22 13:42:26.275392,Colombia,organic,free,True,outlook.com
user_0870,2025-05-31 22:50:30.275392,Spain,organic,free,True,company.com
user_0871,2025-07-19 12:13:25.275392,Spain,paid,free,True,gmail.com
user_0872,2025-04-15 00:42:20.275392,Spain,paid,free,True,outlook.com
user_0873,2025-08-19 22:15:54.275392,Spain,organic,free,True,yahoo.com
user_0874,2026-01-08 05:21:02.275392,Spain,organic,free,True,company.com
user_0875,2025-12-11 04:42:28.275392,Spain,organic,free,False,yahoo.com
user_0876,2026-02-12 11:27:42.275392,Spain,organic,free,False,outlook.com
user_0877,2026-02-21 22:19:57.275392,Mexico,organic,free,False,outlook.com
user_0878,2025-11-07 22:48:52.275392,Spain,paid,free,True,company.com
user_0879,2025-07-14 13:27:03.275392,Spain,referral,basic,True,outlook.com
user_0880,2025-11-11 04:32:22.275392,Mexico,organic,basic,True,yahoo.com
user_0881,2026-01-04 17:44:09.275392,Spain,organic,free,True,outlook.com
user_0882,2025-05-19 05:01:51.275392,Chile,organic,free,True,outlook.com
user_0883,2025-08-24 23:04:30.275392,Mexico,paid,free,True,company.com
user_0884,2026-02-04 00:22:12.275392,Spain,paid,basic,True,outlook.com
user_0885,2025-08-03 03:39:07.275392,Spain,paid,free,True,company.com
user_0886,2025-07-18 18:36:23.275392,Mexico,organic,free,True,company.com
user_0887,2026-01-24 15:01:12.275392,Colombia,organic,free,False,outlook.com
user_0888,2025-03-27 07:46:35.275392,Spain,organic,free,True,yahoo.com
user_0889,2025-05-12 11:25:07.275392,Argentina,paid,free,True,outlook.com
user_0890,2025-05-12 20:27:37.275392,Mexico,organic,free,True,yahoo.com
user_0891,2025-06-27 03:15:12.275392,Colombia,organic,free,True,outlook.com
user_0892,2025-12-26 20:49:57.275392,Colombia,organic,free,True,company.com
user_0893,2026-02-26 22:09:51.275392,Spain,paid,basic,True,outlook.com
user_0894,2026-03-14 20:55:31.275392,Colombia,organic,free,True,company.com
user_0895,2025-11-19 21:24:56.275392,Argentina,paid,basic,True,company.com
user_0896,2025-09-22 04:51:02.275392,Argentina,referral,free,True,outlook.com
user_0897,2025-11-24 10:38:40.275392,Spain,organic,free,True,gmail.com
user_0898,2025-11-10 13:03:34.275392,Colombia,organic,basic,True,yahoo.com
user_0899,2025-09-05 09:02:23.275392,Mexico,paid,pro,True,company.com
user_0900,2025-05-26 22:41:39.275392,Chile,organic,free,True,gmail.com
user_0901,2026-02-14 13:26:34.275392,Mexico,paid,free,True,company.com
user_0902,2025-04-09 14:47:54.275392,Colombia,organic,free,True,company.com
user_0903,2025-03-27 12:16:53.275392,Mexico,organic,free,True,gmail.com
user_0904,2025-07-18 10:23:41.275392,Spain,organic,free,True,yahoo.com
user_0905,2026-03-19 07:08:29.275392,Argentina,organic,free,True,gmail.com
user_0906,2026-01-21 05:26:40.275392,Mexico,organic,free,False,yahoo.com
user_0907,2025-12-03 15:29:59.275392,Chile,referral,free,True,yahoo.com
user_0908,2026-02-24 18:29:33.275392,Argentina,organic,basic,True,gmail.com
user_0909,2025-05-11 00:54:23.275392,Argentina,paid,free,True,company.com
user_0910,2025-07-03 07:08:35.275392,Spain,organic,basic,True,company.com
user_0911,2025-08-31 23:40:37.275392,Chile,organic,basic,False,outlook.com
user_0912,2026-03-05 06:12:13.275392,Colombia,paid,free,True,yahoo.com
user_0913,2025-12-16 07:02:08.275392,Mexico,organic,basic,False,gmail.com
user_0914,2025-04-20 01:01:20.275392,Argentina,referral,free,True,yahoo.com
user_0915,2025-09-22 01:56:34.275392,Colombia,paid,basic,True,yahoo.com
user_0916,2025-10-23 17:24:18.275392,Argentina,organic,free,True,gmail.com
user_0917,2026-02-03 14:07:00.275392,Mexico,paid,free,True,gmail.com
user_0918,2025-04-14 16:12:29.275392,Spain,organic,free,True,company.com
user_0919,2025-05-16 15:19:51.275392,Spain,paid,basic,True,company.com
user_0920,2025-05-03 15:48:37.275392,Colombia,referral,free,True,gmail.com
user_0921,2025-08-09 15:08:26.275392,Colombia,referral,free,True,yahoo.com
user_0922,2025-05-15 00:42:19.275392,Argentina,referral,free,True,yahoo.com
user_0923,2025-10-14 13:40:34.275392,Chile,paid,pro,True,gmail.com
user_0924,2026-02-26 03:15:04.275392,Mexico,organic,free,True,company.com
user_0925,2026-02-01 22:16:55.275392,Colombia,paid,free,True,yahoo.com
user_0926,2026-03-19 00:49:42.275392,Argentina,organic,free,True,company.com
user_0927,2025-10-04 03:26:50.275392,Colombia,organic,free,True,yahoo.com
user_0928,2025-05-27 13:50:27.275392,Mexico,organic,free,True,outlook.com
user_0929,2025-06-25 05:57:50.275392,Spain,referral,free,True,yahoo.com
user_0930,2025-07-30 03:13:00.275392,Spain,referral,free,True,gmail.com
user_0931,2026-01-13 19:46:55.275392,Spain,referral,free,True,yahoo.com
user_0932,2026-03-15 01:18:05.275392,Argentina,organic,basic,True,company.com
user_0933,2025-04-04 09:15:12.275392,Colombia,organic,basic,True,outlook.com
user_0934,2025-06-21 04:13:01.275392,Spain,organic,free,False,gmail.com
user_0935,2025-12-25 23:43:03.275392,Mexico,organic,free,True,outlook.com
user_0936,2025-09-17 10:06:32.275392,Mexico,paid,free,True,yahoo.com
user_0937,2025-09-14 00:30:43.275392,Argentina,organic,free,False,outlook.com
user_0938,2026-02-10 15:17:48.275392,Spain,organic,basic,True,company.com
user_0939,2026-02-21 09:02:26.275392,Spain,organic,free,True,yahoo.com
user_0940,2025-06-11 18:31:29.275392,Mexico,organic,free,True,yahoo.com
user_0941,2025-06-02 14:48:12.275392,Spain,paid,free,True,gmail.com
user_0942,2025-05-12 00:04:54.275392,Argentina,organic,free,False,outlook.com
user_0943,2025-09-13 13:58:42.275392,Argentina,organic,free,True,company.com
user_0944,2026-01-10 04:42:45.275392,Spain,referral,pro,True,yahoo.com
user_0945,2025-06-09 11:44:12.275392,Chile,paid,free,True,yahoo.com
user_0946,2026-01-03 09:48:03.275392,Mexico,organic,free,True,yahoo.com
user_0947,2025-09-18 02:00:27.275392,Mexico,paid,pro,True,yahoo.com
user_0948,2026-01-19 02:14:11.275392,Mexico,organic,free,True,gmail.com
user_0949,2025-09-10 17:07:37.275392,Colombia,referral,free,False,gmail.com
user_0950,2026-01-04 11:24:57.275392,Spain,organic,free,True,outlook.com
user_0951,2025-09-02 22:20:20.275392,Colombia,organic,basic,True,yahoo.com
user_0952,2025-08-22 23:16:08.275392,Chile,referral,free,True,yahoo.com
user_0953,2025-08-17 18:20:07.275392,Spain,organic,free,True,company.com
user_0954,2025-09-13 11:46:24.275392,Colombia,referral,free,True,outlook.com
user_0955,2026-02-27 06:46:13.275392,Spain,organic,free,False,yahoo.com
user_0956,2025-05-29 20:59:27.275392,Mexico,paid,free,False,gmail.com
user_0957,2025-05-20 04:14:02.275392,Spain,organic,free,False,outlook.com
user_0958,2025-09-27 08:29:41.275392,Mexico,organic,free,True,yahoo.com
user_0959,2026-03-17 08:36:01.275392,Spain,referral,free,True,gmail.com
user_0960,2025-04-04 21:23:37.275392,Mexico,paid,free,True,company.com
user_0961,2025-10-28 16:31:36.275392,Chile,organic,free,True,gmail.com
user_0962,2026-01-12 10:03:29.275392,Mexico,paid,free,True,yahoo.com
user_0963,2025-12-04 04:05:51.275392,Mexico,organic,free,True,gmail.com
user_0964,2025-07-18 08:44:50.275392,Mexico,organic,basic,False,outlook.com
user_0965,2025-11-27 08:25:01.275392,Argentina,paid,pro,True,outlook.com
user_0966,2025-06-26 08:46:35.275392,Mexico,organic,free,True,gmail.com
user_0967,2025-05-04 11:03:09.275392,Spain,organic,free,True,gmail.com
user_0968,2025-09-25 14:11:46.275392,Spain,organic,free,True,company.com
user_0969,2025-05-01 10:37:32.275392,Mexico,referral,basic,True,yahoo.com
user_0970,2025-07-30 18:14:53.275392,Mexico,paid,free,True,outlook.com
user_0971,2025-04-22 23:18:23.275392,Spain,referral,free,True,gmail.com
user_0972,2025-07-31 17:47:16.275392,Argentina,organic,free,True,outlook.com
user_0973,2026-01-16 19:26:17.275392,Spain,organic,free,True,company.com
user_0974,2025-11-29 19:06:42.275392,Mexico,paid,free,True,yahoo.com
user_0975,2025-04-17 07:06:25.275392,Spain,paid,free,False,yahoo.com
user_0976,2025-11-15 18:42:47.275392,Argentina,organic,free,True,outlook.com
user_0977,2025-11-30 17:40:02.275392,Spain,paid,free,True,yahoo.com
user_0978,2025-07-29 05:06:39.275392,Mexico,referral,free,True,gmail.com
user_0979,2026-03-22 13:37:06.275392,Colombia,organic,free,False,company.com
user_0980,2025-04-03 01:47:47.275392,Spain,organic,basic,True,outlook.com
user_0981,2025-12-30 10:54:58.275392,Spain,organic,free,True,company.com
user_0982,2025-11-18 14:44:45.275392,Spain,organic,free,True,yahoo.com
user_0983,2026-01-23 21:52:46.275392,Mexico,organic,free,True,outlook.com
user_0984,2025-04-04 23:56:19.275392,Spain,organic,free,True,outlook.com
user_0985,2026-02-10 07:23:49.275392,Mexico,organic,free,True,company.com
user_0986,2025-09-11 13:09:02.275392,Argentina,referral,free,True,gmail.com
user_0987,2025-10-11 23:49:45.275392,Spain,organic,pro,True,yahoo.com
user_0988,2025-09-24 06:00:27.275392,Argentina,paid,free,False,gmail.com
user_0989,2025-12-16 06:22:49.275392,Argentina,organic,free,True,gmail.com
user_0990,2025-04-30 10:19:20.275392,Spain,organic,free,True,company.com
user_0991,2025-03-31 21:57:01.275392,Spain,organic,free,True,gmail.com
user_0992,2025-07-23 11:53:20.275392,Spain,organic,basic,True,gmail.com
user_0993,2025-09-17 21:50:01.275392,Spain,organic,free,True,company.com
user_0994,2025-12-12 19:10:55.275392,Spain,organic,free,True,yahoo.com
user_0995,2025-09-12 04:07:39.275392,Mexico,organic,free,False,yahoo.com
user_0996,2025-12-08 20:49:02.275392,Argentina,organic,free,True,gmail.com
user_0997,2025-10-02 12:33:54.275392,Spain,paid,free,True,outlook.com
user_0998,2025-12-29 09:41:45.275392,Mexico,organic,free,True,company.com
user_0999,2026-03-23 19:05:04.275392,Chile,paid,basic,True,outlook.com
user_1000,2026-03-21 11:59:23.275392,Spain,organic,pro,True,yahoo.com
